{"nav_menu":{"footer-menu":"44","main-menu":"43","topbar-menu":"45"},"product_cat":{"business-management":"34","graphic-design":"39","law-economic":"35","mobile-apps-develop":"33","seo-course":"38","social-media":"36","web-design":"37"},"category":{"exam-strees":"9","language-science":"13","school-psychology":"2","student-guidance":"6","uncategorized":"1","vocational-counseling":"4","youth-science":"10"},"page":{"page_for_posts":"661","page_on_front":"321","woocommerce_shop_page_id":"405"},"page-slug":{"blog-list-fullwidth":"661","home-1":"321","course":"405"},"tax-meta-class":{"tax_meta_33":"a:3:{s:16:\"g5plus_icon_type\";s:9:\"font_icon\";s:11:\"g5plus_icon\";s:16:\"fa fa-line-chart\";s:20:\"g5plus_icon_bg_color\";s:7:\"#30a8cc\";}","tax_meta_34":"a:3:{s:16:\"g5plus_icon_type\";s:9:\"font_icon\";s:11:\"g5plus_icon\";s:15:\"fa fa-bar-chart\";s:20:\"g5plus_icon_bg_color\";s:7:\"#5f7db9\";}","tax_meta_35":"a:3:{s:16:\"g5plus_icon_type\";s:9:\"font_icon\";s:11:\"g5plus_icon\";s:19:\"fa fa-balance-scale\";s:20:\"g5plus_icon_bg_color\";s:7:\"#854195\";}","tax_meta_36":"a:3:{s:16:\"g5plus_icon_type\";s:9:\"font_icon\";s:11:\"g5plus_icon\";s:18:\"fa fa-video-camera\";s:20:\"g5plus_icon_bg_color\";s:7:\"#e11d8e\";}","tax_meta_37":"a:3:{s:16:\"g5plus_icon_type\";s:9:\"font_icon\";s:11:\"g5plus_icon\";s:11:\"fa fa-cloud\";s:20:\"g5plus_icon_bg_color\";s:7:\"#bf2172\";}","tax_meta_38":"a:3:{s:16:\"g5plus_icon_type\";s:9:\"font_icon\";s:11:\"g5plus_icon\";s:13:\"fa fa-desktop\";s:20:\"g5plus_icon_bg_color\";s:7:\"#9650a7\";}","tax_meta_39":"a:3:{s:16:\"g5plus_icon_type\";s:9:\"font_icon\";s:11:\"g5plus_icon\";s:10:\"fa fa-book\";s:20:\"g5plus_icon_bg_color\";s:7:\"#a92268\";}"},"wp_revslider_navigations":[{"id":"3","name":"academia","handle":"academia","css":"{\"thumbs\":\"\",\"arrows\":\".academia.tparrows {\\n\\tcursor:pointer;\\n\\tbackground:#000;\\n\\tbackground:rgba(0,0,0,0.7);\\n\\twidth:50px;\\n\\theight:60px;\\n\\tposition:absolute;\\n\\tdisplay:block;\\n\\tz-index:100;\\n    -webkit-transition: all .3s !important;\\n\\t-moz-transition: all .3s !important;\\n\\t-o-transition: all .3s !important;\\n\\ttransition: all .3s !important;\\n}\\n.academia.tparrows:hover {\\n\\tbackground:#FFBC33;\\n}\\n.academia.tparrows:hover.tp-leftarrow:after\\n{\\n\\tborder-top: solid 60px #FFBC33;\\n    opacity: 1;\\n}\\n.academia.tparrows:hover.tp-rightarrow:after\\n{\\n\\tborder-bottom: solid 60px #FFBC33;\\n    opacity: 1;\\n}\\n.academia.tparrows:before {\\n\\tfont-family: \\\\\\\"revicons\\\\\\\";\\n\\tfont-size:18px;\\n    font-weight:600;\\n\\tcolor:#fff;\\n\\tdisplay:block;\\n\\tline-height: 60px;\\n\\ttext-align: center;\\n}\\n.academia.tparrows.tp-leftarrow:before {\\n\\tcontent: \\\\\\\"\\\\\\\\e824\\\\\\\";\\n}\\n.academia.tparrows.tp-rightarrow:before {\\n\\tcontent: \\\\\\\"\\\\\\\\e825\\\\\\\";\\n}\\n.academia.tparrows:after\\n{\\n\\tcontent: \\\\'\\\\';\\n    display: block;\\n    position: absolute;\\n    top: 0;\\n    bottom: 0;\\n    opacity: 0.7;\\n    -webkit-transition: all .3s !important;\\n\\t-moz-transition: all .3s !important;\\n\\t-o-transition: all .3s !important;\\n\\ttransition: all .3s !important;\\n}\\n.academia.tparrows.tp-leftarrow:after{\\n    border-bottom: solid 0 transparent;\\n    border-top: solid 60px #000000;\\n    border-right: solid 10px transparent;\\n    left: 100%;\\n}\\n.academia.tparrows.tp-rightarrow:after{\\n\\tborder-bottom: solid 60px #000000;\\n    border-top: solid 0 transparent;\\n    border-left: solid 10px transparent;\\n    right: 100%;\\n}\\n\",\"bullets\":\".academia.tp-bullets {\\n}\\n.academia.tp-bullets:before {\\n\\tcontent:\\\\\\\" \\\\\\\";\\n\\tposition:absolute;\\n\\twidth:100%;\\n\\theight:100%;\\n\\tbackground:transparent;\\n\\tpadding:10px;\\n\\tmargin-left:-10px;margin-top:-10px;\\n\\tbox-sizing:content-box;\\n}\\n.academia .tp-bullet {\\n\\twidth:12px;\\n\\theight:12px;\\n\\tposition:absolute;\\n\\tbackground:#aaa;\\n    background:rgba(125,125,125,0.5);\\n\\tcursor: pointer;\\n\\tbox-sizing:content-box;\\n}\\n.academia .tp-bullet:hover,\\n.academia .tp-bullet.selected {\\n\\tbackground:rgb(125,125,125);\\n}\\n.academia .tp-bullet-image {\\n}\\n.academia .tp-bullet-title {\\n}\\n\",\"tabs\":\"\"}","markup":"{\"thumbs\":\"<span class=\\\\\\\"tp-thumb-image\\\\\\\"><\\\/span>\",\"arrows\":\"\",\"bullets\":\"\",\"tabs\":\"<span class=\\\\\\\"tp-tab-image\\\\\\\"><\\\/span>\"}","settings":"{\"original\":{\"css\":{\"thumbs\":\"\",\"arrows\":\".custom.tparrows {\\n\\tcursor:pointer;\\n\\tbackground:#000;\\n\\tbackground:rgba(0,0,0,0.5);\\n\\twidth:40px;\\n\\theight:40px;\\n\\tposition:absolute;\\n\\tdisplay:block;\\n\\tz-index:100;\\n}\\n.custom.tparrows:hover {\\n\\tbackground:#000;\\n}\\n.custom.tparrows:before {\\n\\tfont-family: \\\\\\\"revicons\\\\\\\";\\n\\tfont-size:15px;\\n\\tcolor:#fff;\\n\\tdisplay:block;\\n\\tline-height: 40px;\\n\\ttext-align: center;\\n}\\n.custom.tparrows.tp-leftarrow:before {\\n\\tcontent: \\\\\\\"\\\\\\\\e824\\\\\\\";\\n}\\n.custom.tparrows.tp-rightarrow:before {\\n\\tcontent: \\\\\\\"\\\\\\\\e825\\\\\\\";\\n}\\n\\n\",\"bullets\":\".custom.tp-bullets {\\n}\\n.custom.tp-bullets:before {\\n\\tcontent:\\\\\\\" \\\\\\\";\\n\\tposition:absolute;\\n\\twidth:100%;\\n\\theight:100%;\\n\\tbackground:transparent;\\n\\tpadding:10px;\\n\\tmargin-left:-10px;margin-top:-10px;\\n\\tbox-sizing:content-box;\\n}\\n.custom .tp-bullet {\\n\\twidth:12px;\\n\\theight:12px;\\n\\tposition:absolute;\\n\\tbackground:#aaa;\\n    background:rgba(125,125,125,0.5);\\n\\tcursor: pointer;\\n\\tbox-sizing:content-box;\\n}\\n.custom .tp-bullet:hover,\\n.custom .tp-bullet.selected {\\n\\tbackground:rgb(125,125,125);\\n}\\n.custom .tp-bullet-image {\\n}\\n.custom .tp-bullet-title {\\n}\\n\",\"tabs\":\"\"},\"markup\":{\"thumbs\":\"<span class=\\\\\\\"tp-thumb-image\\\\\\\"><\\\/span>\",\"arrows\":\"\",\"bullets\":\"\",\"tabs\":\"<span class=\\\\\\\"tp-tab-image\\\\\\\"><\\\/span>\"}}}"}]}