{"nav_menu":{"footer-menu":38,"main-menu":39,"topbar-menu":40},"product_cat":{"business-management":31,"graphic-design":32,"law-economic":33,"mobile-apps-develop":34,"seo-course":35,"social-media":36,"web-design":37},"category":{"exam-strees":6,"language-science":7,"school-psychology":8,"student-guidance":9,"uncategorized":1,"vocational-counseling":10,"youth-science":11},"page":{"page_for_posts":"861","page_on_front":"321","woocommerce_shop_page_id":"405"},"page-slug":{"blog":"861","home-1":"321","course":"405"},"tax-meta-class":{"tax_meta_31":"a:3:{s:16:\"g5plus_icon_type\";s:9:\"font_icon\";s:11:\"g5plus_icon\";s:15:\"fa fa-bar-chart\";s:20:\"g5plus_icon_bg_color\";s:7:\"#5f7db9\";}","tax_meta_32":"a:3:{s:16:\"g5plus_icon_type\";s:9:\"font_icon\";s:11:\"g5plus_icon\";s:10:\"fa fa-book\";s:20:\"g5plus_icon_bg_color\";s:7:\"#a92268\";}","tax_meta_33":"a:3:{s:16:\"g5plus_icon_type\";s:9:\"font_icon\";s:11:\"g5plus_icon\";s:19:\"fa fa-balance-scale\";s:20:\"g5plus_icon_bg_color\";s:7:\"#854195\";}","tax_meta_34":"a:3:{s:16:\"g5plus_icon_type\";s:9:\"font_icon\";s:11:\"g5plus_icon\";s:16:\"fa fa-line-chart\";s:20:\"g5plus_icon_bg_color\";s:7:\"#30a8cc\";}","tax_meta_35":"a:3:{s:16:\"g5plus_icon_type\";s:9:\"font_icon\";s:11:\"g5plus_icon\";s:13:\"fa fa-desktop\";s:20:\"g5plus_icon_bg_color\";s:7:\"#9650a7\";}","tax_meta_36":"a:3:{s:16:\"g5plus_icon_type\";s:9:\"font_icon\";s:11:\"g5plus_icon\";s:18:\"fa fa-video-camera\";s:20:\"g5plus_icon_bg_color\";s:7:\"#e11d8e\";}","tax_meta_37":"a:3:{s:16:\"g5plus_icon_type\";s:9:\"font_icon\";s:11:\"g5plus_icon\";s:11:\"fa fa-cloud\";s:20:\"g5plus_icon_bg_color\";s:7:\"#bf2172\";}"},"wp_revslider_navigations":[{"id":"1","name":"academia","handle":"academia","css":"{\"thumbs\":\"\",\"arrows\":\".academia.tparrows {\\n\\tcursor:pointer;\\n\\tbackground:#000;\\n\\tbackground:rgba(0,0,0,0.7);\\n\\twidth:50px;\\n\\theight:60px;\\n\\tposition:absolute;\\n\\tdisplay:block;\\n\\tz-index:100;\\n    -webkit-transition: all .3s !important;\\n\\t-moz-transition: all .3s !important;\\n\\t-o-transition: all .3s !important;\\n\\ttransition: all .3s !important;\\n}\\n.academia.tparrows:hover {\\n\\tbackground:#FFBC33;\\n}\\n.academia.tparrows:hover.tp-leftarrow:after\\n{\\n\\tborder-top: solid 60px #FFBC33;\\n    opacity: 1;\\n}\\n.academia.tparrows:hover.tp-rightarrow:after\\n{\\n\\tborder-bottom: solid 60px #FFBC33;\\n    opacity: 1;\\n}\\n.academia.tparrows:before {\\n\\tfont-family: \\\\\\\"revicons\\\\\\\";\\n\\tfont-size:18px;\\n    font-weight:600;\\n\\tcolor:#fff;\\n\\tdisplay:block;\\n\\tline-height: 60px;\\n\\ttext-align: center;\\n}\\n.academia.tparrows.tp-leftarrow:before {\\n\\tcontent: \\\\\\\"\\\\\\\\e824\\\\\\\";\\n}\\n.academia.tparrows.tp-rightarrow:before {\\n\\tcontent: \\\\\\\"\\\\\\\\e825\\\\\\\";\\n}\\n.academia.tparrows:after\\n{\\n\\tcontent: \\\\'\\\\';\\n    display: block;\\n    position: absolute;\\n    top: 0;\\n    bottom: 0;\\n    opacity: 0.7;\\n    -webkit-transition: all .3s !important;\\n\\t-moz-transition: all .3s !important;\\n\\t-o-transition: all .3s !important;\\n\\ttransition: all .3s !important;\\n}\\n.academia.tparrows.tp-leftarrow:after{\\n    border-bottom: solid 0 transparent;\\n    border-top: solid 60px #000000;\\n    border-right: solid 10px transparent;\\n    left: 100%;\\n}\\n.academia.tparrows.tp-rightarrow:after{\\n\\tborder-bottom: solid 60px #000000;\\n    border-top: solid 0 transparent;\\n    border-left: solid 10px transparent;\\n    right: 100%;\\n}\\n\",\"bullets\":\".academia.tp-bullets {\\n}\\n.academia.tp-bullets:before {\\n\\tcontent:\\\\\\\" \\\\\\\";\\n\\tposition:absolute;\\n\\twidth:100%;\\n\\theight:100%;\\n\\tbackground:transparent;\\n\\tpadding:10px;\\n\\tmargin-left:-10px;margin-top:-10px;\\n\\tbox-sizing:content-box;\\n}\\n.academia .tp-bullet {\\n\\twidth:12px;\\n\\theight:12px;\\n\\tposition:absolute;\\n\\tbackground:#aaa;\\n    background:rgba(125,125,125,0.5);\\n\\tcursor: pointer;\\n\\tbox-sizing:content-box;\\n}\\n.academia .tp-bullet:hover,\\n.academia .tp-bullet.selected {\\n\\tbackground:rgb(125,125,125);\\n}\\n.academia .tp-bullet-image {\\n}\\n.academia .tp-bullet-title {\\n}\\n\",\"tabs\":\"\"}","markup":"{\"thumbs\":\"<span class=\\\\\\\"tp-thumb-image\\\\\\\"><\\\/span>\",\"arrows\":\"\",\"bullets\":\"\",\"tabs\":\"<span class=\\\\\\\"tp-tab-image\\\\\\\"><\\\/span>\"}","settings":"{\"original\":{\"css\":{\"thumbs\":\"\",\"arrows\":\".custom.tparrows {\\n\\tcursor:pointer;\\n\\tbackground:#000;\\n\\tbackground:rgba(0,0,0,0.5);\\n\\twidth:40px;\\n\\theight:40px;\\n\\tposition:absolute;\\n\\tdisplay:block;\\n\\tz-index:100;\\n}\\n.custom.tparrows:hover {\\n\\tbackground:#000;\\n}\\n.custom.tparrows:before {\\n\\tfont-family: \\\\\\\"revicons\\\\\\\";\\n\\tfont-size:15px;\\n\\tcolor:#fff;\\n\\tdisplay:block;\\n\\tline-height: 40px;\\n\\ttext-align: center;\\n}\\n.custom.tparrows.tp-leftarrow:before {\\n\\tcontent: \\\\\\\"\\\\\\\\e824\\\\\\\";\\n}\\n.custom.tparrows.tp-rightarrow:before {\\n\\tcontent: \\\\\\\"\\\\\\\\e825\\\\\\\";\\n}\\n\\n\",\"bullets\":\".custom.tp-bullets {\\n}\\n.custom.tp-bullets:before {\\n\\tcontent:\\\\\\\" \\\\\\\";\\n\\tposition:absolute;\\n\\twidth:100%;\\n\\theight:100%;\\n\\tbackground:transparent;\\n\\tpadding:10px;\\n\\tmargin-left:-10px;margin-top:-10px;\\n\\tbox-sizing:content-box;\\n}\\n.custom .tp-bullet {\\n\\twidth:12px;\\n\\theight:12px;\\n\\tposition:absolute;\\n\\tbackground:#aaa;\\n    background:rgba(125,125,125,0.5);\\n\\tcursor: pointer;\\n\\tbox-sizing:content-box;\\n}\\n.custom .tp-bullet:hover,\\n.custom .tp-bullet.selected {\\n\\tbackground:rgb(125,125,125);\\n}\\n.custom .tp-bullet-image {\\n}\\n.custom .tp-bullet-title {\\n}\\n\",\"tabs\":\"\"},\"markup\":{\"thumbs\":\"<span class=\\\\\\\"tp-thumb-image\\\\\\\"><\\\/span>\",\"arrows\":\"\",\"bullets\":\"\",\"tabs\":\"<span class=\\\\\\\"tp-tab-image\\\\\\\"><\\\/span>\"}}}"},{"id":"3","name":"academia","handle":"academia","css":"{\"thumbs\":\"\",\"arrows\":\".academia.tparrows {\\n\\tcursor:pointer;\\n\\tbackground:#000;\\n\\tbackground:rgba(0,0,0,0.7);\\n\\twidth:50px;\\n\\theight:60px;\\n\\tposition:absolute;\\n\\tdisplay:block;\\n\\tz-index:100;\\n    -webkit-transition: all .3s !important;\\n\\t-moz-transition: all .3s !important;\\n\\t-o-transition: all .3s !important;\\n\\ttransition: all .3s !important;\\n}\\n.academia.tparrows:hover {\\n\\tbackground:#FFBC33;\\n}\\n.academia.tparrows:hover.tp-leftarrow:after\\n{\\n\\tborder-top: solid 60px #FFBC33;\\n    opacity: 1;\\n}\\n.academia.tparrows:hover.tp-rightarrow:after\\n{\\n\\tborder-bottom: solid 60px #FFBC33;\\n    opacity: 1;\\n}\\n.academia.tparrows:before {\\n\\tfont-family: \\\\\\\"revicons\\\\\\\";\\n\\tfont-size:18px;\\n    font-weight:600;\\n\\tcolor:#fff;\\n\\tdisplay:block;\\n\\tline-height: 60px;\\n\\ttext-align: center;\\n}\\n.academia.tparrows.tp-leftarrow:before {\\n\\tcontent: \\\\\\\"\\\\\\\\e824\\\\\\\";\\n}\\n.academia.tparrows.tp-rightarrow:before {\\n\\tcontent: \\\\\\\"\\\\\\\\e825\\\\\\\";\\n}\\n.academia.tparrows:after\\n{\\n\\tcontent: \\\\'\\\\';\\n    display: block;\\n    position: absolute;\\n    top: 0;\\n    bottom: 0;\\n    opacity: 0.7;\\n    -webkit-transition: all .3s !important;\\n\\t-moz-transition: all .3s !important;\\n\\t-o-transition: all .3s !important;\\n\\ttransition: all .3s !important;\\n}\\n.academia.tparrows.tp-leftarrow:after{\\n    border-bottom: solid 0 transparent;\\n    border-top: solid 60px #000000;\\n    border-right: solid 10px transparent;\\n    left: 100%;\\n}\\n.academia.tparrows.tp-rightarrow:after{\\n\\tborder-bottom: solid 60px #000000;\\n    border-top: solid 0 transparent;\\n    border-left: solid 10px transparent;\\n    right: 100%;\\n}\\n\",\"bullets\":\".academia.tp-bullets {\\n}\\n.academia.tp-bullets:before {\\n\\tcontent:\\\\\\\" \\\\\\\";\\n\\tposition:absolute;\\n\\twidth:100%;\\n\\theight:100%;\\n\\tbackground:transparent;\\n\\tpadding:10px;\\n\\tmargin-left:-10px;margin-top:-10px;\\n\\tbox-sizing:content-box;\\n}\\n.academia .tp-bullet {\\n\\twidth:12px;\\n\\theight:12px;\\n\\tposition:absolute;\\n\\tbackground:#aaa;\\n    background:rgba(125,125,125,0.5);\\n\\tcursor: pointer;\\n\\tbox-sizing:content-box;\\n}\\n.academia .tp-bullet:hover,\\n.academia .tp-bullet.selected {\\n\\tbackground:rgb(125,125,125);\\n}\\n.academia .tp-bullet-image {\\n}\\n.academia .tp-bullet-title {\\n}\\n\",\"tabs\":\"\"}","markup":"{\"thumbs\":\"<span class=\\\\\\\"tp-thumb-image\\\\\\\"><\\\/span>\",\"arrows\":\"\",\"bullets\":\"\",\"tabs\":\"<span class=\\\\\\\"tp-tab-image\\\\\\\"><\\\/span>\"}","settings":"{\"original\":{\"css\":{\"thumbs\":\"\",\"arrows\":\".custom.tparrows {\\n\\tcursor:pointer;\\n\\tbackground:#000;\\n\\tbackground:rgba(0,0,0,0.5);\\n\\twidth:40px;\\n\\theight:40px;\\n\\tposition:absolute;\\n\\tdisplay:block;\\n\\tz-index:100;\\n}\\n.custom.tparrows:hover {\\n\\tbackground:#000;\\n}\\n.custom.tparrows:before {\\n\\tfont-family: \\\\\\\"revicons\\\\\\\";\\n\\tfont-size:15px;\\n\\tcolor:#fff;\\n\\tdisplay:block;\\n\\tline-height: 40px;\\n\\ttext-align: center;\\n}\\n.custom.tparrows.tp-leftarrow:before {\\n\\tcontent: \\\\\\\"\\\\\\\\e824\\\\\\\";\\n}\\n.custom.tparrows.tp-rightarrow:before {\\n\\tcontent: \\\\\\\"\\\\\\\\e825\\\\\\\";\\n}\\n\\n\",\"bullets\":\".custom.tp-bullets {\\n}\\n.custom.tp-bullets:before {\\n\\tcontent:\\\\\\\" \\\\\\\";\\n\\tposition:absolute;\\n\\twidth:100%;\\n\\theight:100%;\\n\\tbackground:transparent;\\n\\tpadding:10px;\\n\\tmargin-left:-10px;margin-top:-10px;\\n\\tbox-sizing:content-box;\\n}\\n.custom .tp-bullet {\\n\\twidth:12px;\\n\\theight:12px;\\n\\tposition:absolute;\\n\\tbackground:#aaa;\\n    background:rgba(125,125,125,0.5);\\n\\tcursor: pointer;\\n\\tbox-sizing:content-box;\\n}\\n.custom .tp-bullet:hover,\\n.custom .tp-bullet.selected {\\n\\tbackground:rgb(125,125,125);\\n}\\n.custom .tp-bullet-image {\\n}\\n.custom .tp-bullet-title {\\n}\\n\",\"tabs\":\"\"},\"markup\":{\"thumbs\":\"<span class=\\\\\\\"tp-thumb-image\\\\\\\"><\\\/span>\",\"arrows\":\"\",\"bullets\":\"\",\"tabs\":\"<span class=\\\\\\\"tp-tab-image\\\\\\\"><\\\/span>\"}}}"},{"id":"4","name":"megatron","handle":"megatron","css":"{\"arrows\":\".megatron.tparrows {\\n\\tcursor:pointer;\\n    background:transparent;\\n\\twidth:44px;\\n\\theight:44px;\\n\\tposition:absolute;\\n\\tdisplay:block;\\n\\tz-index:100;\\n    border:1px solid rgba(255,255,255,0.5);\\n    -webkit-border-radius: 100%;\\n    -moz-border-radius: 100%;\\n    border-radius: 100%;\\n    -webkit-transition: all .3s;\\n  -moz-transition: all .3s;\\n  -ms-transition: all .3s;\\n  -o-transition: all .3s;\\n  transition: all .3s;\\n\\n\\n}\\n.megatron.tparrows:hover {\\n\\tbackground:#00B863;\\n    border-color:#00B863;\\n}\\n.megatron.tparrows:hover:before {\\ncolor: #fff;\\n}\\n.megatron.tparrows:before {\\n\\tfont-family: \\\\\\\"revicons\\\\\\\";\\n\\tfont-size:15px;\\n    color:rgba(255,255,255,0.5);\\n\\tdisplay:block;\\n\\tline-height: 44px;\\n\\ttext-align: center;\\n    -webkit-transition: all .3s;\\n  -moz-transition: all .3s;\\n  -ms-transition: all .3s;\\n  -o-transition: all .3s;\\n  transition: all .3s;\\n}\\n.megatron.tparrows.tp-leftarrow:before {\\n\\tcontent: \\\\\\\"\\\\\\\\e824\\\\\\\";\\n}\\n.megatron.tparrows.tp-rightarrow:before {\\n\\tcontent: \\\\\\\"\\\\\\\\e825\\\\\\\";\\n}\\n\\n\",\"bullets\":\".megatron.tp-bullets {\\n}\\n.megatron.tp-bullets:before {\\n\\tcontent:\\\\\\\" \\\\\\\";\\n\\tposition:absolute;\\n\\twidth:100%;\\n\\theight:100%;\\n\\tbackground:#transparent;\\n\\tpadding:10px;\\n\\tmargin-left:-10px;margin-top:-10px;\\n\\tbox-sizing:content-box;\\n}\\n.megatron .tp-bullet {\\n  -webkit-border-radius: 100%;\\n  -moz-border-radius: 100%;\\n   border-radius: 100%;\\n\\twidth:11px;\\n\\theight:11px;\\n\\tposition:absolute;\\n\\tbackground:transparent;\\n\\tborder:1px solid #fff;\\t\\n\\tcursor: pointer;\\n\\tbox-sizing:content-box;\\n    -webkit-transition: all .3s;\\n  -moz-transition: all .3s;\\n  -ms-transition: all .3s;\\n  -o-transition: all .3s;\\n  transition: all .3s;\\n}\\n.megatron .tp-bullet:hover,\\n.megatron .tp-bullet.selected {\\n\\tbackground:#fff;\\n}\\n.megatron .tp-bullet-image {\\n}\\n.megatron .tp-bullet-title {\\n}\\n\"}","markup":"{\"arrows\":\"\",\"bullets\":\"\"}","settings":"{\"original\":{\"css\":{\"arrows\":\".persephone.tparrows {\\n\\tcursor:pointer;\\n\\tbackground:#aaa;\\n\\tbackground:rgba(200,200,200,0.5);\\n\\twidth:40px;\\n\\theight:40px;\\n\\tposition:absolute;\\n\\tdisplay:block;\\n\\tz-index:100;\\n  border:1px solid #f5f5f5;\\n}\\n.persephone.tparrows:hover {\\n\\tbackground:#333;\\n}\\n.persephone.tparrows:before {\\n\\tfont-family: \\\\\\\"revicons\\\\\\\";\\n\\tfont-size:15px;\\n\\tcolor:#fff;\\n\\tdisplay:block;\\n\\tline-height: 40px;\\n\\ttext-align: center;\\n}\\n.persephone.tparrows.tp-leftarrow:before {\\n\\tcontent: \\\\\\\"\\\\\\\\e824\\\\\\\";\\n}\\n.persephone.tparrows.tp-rightarrow:before {\\n\\tcontent: \\\\\\\"\\\\\\\\e825\\\\\\\";\\n}\\n\\n\",\"bullets\":\".persephone.tp-bullets {\\n}\\n.persephone.tp-bullets:before {\\n\\tcontent:\\\\\\\" \\\\\\\";\\n\\tposition:absolute;\\n\\twidth:100%;\\n\\theight:100%;\\n\\tbackground:#transparent;\\n\\tpadding:10px;\\n\\tmargin-left:-10px;margin-top:-10px;\\n\\tbox-sizing:content-box;\\n}\\n.persephone .tp-bullet {\\n\\twidth:12px;\\n\\theight:12px;\\n\\tposition:absolute;\\n\\tbackground:#aaa;\\n\\tborder:1px solid #e5e5e5;\\t\\n\\tcursor: pointer;\\n\\tbox-sizing:content-box;\\n}\\n.persephone .tp-bullet:hover,\\n.persephone .tp-bullet.selected {\\n\\tbackground:#222;\\n}\\n.persephone .tp-bullet-image {\\n}\\n.persephone .tp-bullet-title {\\n}\\n\"},\"markup\":{\"arrows\":\"\",\"bullets\":\"\"}}}"}]}